,fname,text
0,,".       San Francisco Bay University | SFBU            Skip to main content       Main navigation About Us Overview Accreditation Policies University Leadership  Admissions Requirements for Degree Programs Requirements for Intensive English Program Scholarships & Grants Tuition & Costs Articulation & Transfer Agreements Contact Admissions Team Admitted Students  Academics School of Business School of Engineering General Education English as a Second Language Professional Education SFBU Faculty Library Records Office Institutional Research Academic Calendar Schedule of Classes SFBU Catalog  Student Life Overview SFBU News Student Organizations SFBU Blog Counseling Services ACI Student Assistance  Career Services CPT, OPT, and On-Campus Jobs IT Services Student Health Insurance Housing Transportation Alumni Association  Contact Us   Main navigation-right Apply Today Request Info MySFBU Student Login Faculty Login Applicant Login Alumni Login Canvas LMS  Search      Search form Search Search       San Francisco Bay University REQUEST INFORMATION APPLY TODAY         Featured News San Francisco Bay University Video Contest Time to get creative! Students and Alumni have the opportunity to enter San Francisco Bay University’s Video Contest. This competition is designed to illuminate the vibrant student life at SFBU, inviting our talented students to share their unique experiences and express their love for being part of the SFBU community. Join us in capturing SFBU student life for a chance to win the $500 cash prize and be featured on SFBU's social media channels! Read More  More Campus News    Find Your Program and Your Future Are you graduating from high school or looking to change or enhance your career? San Francisco Bay University’s cutting-edge programs are specifically designed to help you achieve your goals.   COMPUTER SCIENCE Are you ready for one of the best computer science programs in California? Be prepared to fully engage the technology industry by studying cutting-edge subject matter and developing your expertise in one of Silicon Valley’s most in-demand fields. MSCS scholarships available. I want to be a Software Engineer   BUSINESS ADMINISTRATION Come to understand the interplay between business administration and information technology, and put that knowledge to work in modern businesses. We are proud to be one of the best business universities in San Francisco. I want to be a leader   ELECTRICAL ENGINEERING Acquire knowledge and gain skills through relevant projects in electrical engineering so you can make an immediate impact in a real-world professional environment. I want to be a Electrical Engineer   INTENSIVE ENGLISH PROGRAM Learn English rapidly in small classes built around significant face-to-face interaction and instruction, all of which is designed to improve the skills needed for success at an English-language university and at English-based workplaces. I want to improve my English       Request Info  Apply Now  Tuition & Costs  Scholarship & Grants  Upcoming Dates    Brijesh Darji is a shining star because of his passion for learning. He held an exciting internship at Tesla Motors and worked as a teaching and lab assistant. Now, Brijesh works for Amazon Lab126 and continues to contribute innovative ideas. He offers some advice to his fellow students: ""Everything you learn during university will apply to other things later in life. Enjoy school with confidence and optimism, and you’ll succeed."" — Brijesh Darji Master of Science in Electrical Engineering LEARN MORE ABOUT OUR ALUMNI   Why Choose SFBU? Here at San Francisco Bay University, our goal is to ensure our students receive a world-class education. We are proud to stand as one of the top California universities and colleges.  Quality Education SFBU offers educational excellence and fosters socially responsible students in an inclusive atmosphere. Explore   Committed Faculty Professionals in their fields, SFBU faculty are committed to developing their students’ knowledge and skills. Learn   Affordable Tuition SFBU keeps its tuition affordable to enable students of diverse backgrounds to enroll. Discover   Scholarships The plentiful and sizable scholarships and grants make tuition and housing even more affordable. Show   Career Preparedness SFBU provides practical experience and helps students build a variety of skills which lead to career success. View   Achieve your dreams through hard work and our engaging educational programs. Our professors have the academic and business experience to guide you to success."" Mr. James Connor Dean, School of Business at SFBU SFBU’s core mission is to provide a quality education for students. With knowledgeable instructors and staff, we’re ready to help students learn in a safe and collaborative environment that will give them the ability to excel long after they’ve graduated."" Dr. Thawi Iwagoshi Dean, School of Engineering at SFBU   What’s going on at SFBU? Keep updated with our news and events     San Francisco Bay University Video Contest Campus Events   San Francisco Bay University's Student/Alumni Meet & Greet Events Alumni Events   The Power of People: How to Network Effectively Campus Events   San Francisco Bay University Speaker Series Speaker Series   How to Ace Your Interview: The Art of Answering Questions Campus Events   Speaker Series: Fatemeh Saremi Speaker Series     Become a Part of Our Community Today! GET STARTEDEXPLORE PROGRAMS    161 Mission Falls Ln, Fremont, CA 94539, USA Tel: 510-803-SFBU (510-803-7328) Email: admissions@sfbu.edu   ADMISSIONS Undergraduate Graduate Scholarships SFBU Catalog ABOUT SFBU Overview Institutional Research Accreditation Careers PROGRAMS Computer Science Electrical Engineering Business Administration English as a Second Language MySFBU Applicant Student Faculty Alumni SFBU Webmail Log-In   Service Hours: Mon-Fri: 9:00a.m. - 5:30p.m. Closed:  Saturday and Sunday (Call or meet in-person at the times above. Also available via Zoom by appointment.)        Non-Discrimination Student Grievance Accessibility Academic Freedom Privacy © Copyright 2023 San Francisco Bay University - All Rights Reserved          "
1,creditation,"creditation.       Accreditation Information | San Francisco Bay University            Skip to main content       Main navigation About Us Overview Accreditation Policies University Leadership  Admissions Requirements for Degree Programs Requirements for Intensive English Program Scholarships & Grants Tuition & Costs Articulation & Transfer Agreements Contact Admissions Team Admitted Students  Academics School of Business School of Engineering General Education English as a Second Language Professional Education SFBU Faculty Library Records Office Institutional Research Academic Calendar Schedule of Classes SFBU Catalog  Student Life Overview SFBU News Student Organizations SFBU Blog Counseling Services ACI Student Assistance  Career Services CPT, OPT, and On-Campus Jobs IT Services Student Health Insurance Housing Transportation Alumni Association  Contact Us   Main navigation-right Apply Today Request Info MySFBU Student Login Faculty Login Applicant Login Alumni Login Canvas LMS  Search      Search form Search Search     About SFBU Overview Our Mission Our Policies University Leadership Accreditation Board Members     Accreditation Information  San Francisco Bay University is a private, nonprofit institution that is accredited, licensed, and/or recognized by the following: WASC Senior College and University Commission (WSCUC) San Francisco Bay University is accredited by the WASC Senior College and University Commission (WSCUC), 1080 Marina Village Parkway, Suite 500, Alameda 94501, 510.748.9001. Commission on English Language Program Accreditation (CEA) The Intensive English Program is accredited by the Commission on English Language Program Accreditation (CEA) for the period December 2020 to December 2025, and agrees to uphold the CEA Standards for English Language Programs and Institutions. CEA is recognized by the U.S. Secretary of Education as a nationally recognized accrediting agency for English language programs and institutions in the U.S. For further information about this accreditation, please contact the Commission on English Language Program Accreditation, 1001 N. Fairfax St., Suite 630, Alexandria, VA 22314, (703) 665-3400, https://cea-accredit.org.        161 Mission Falls Ln, Fremont, CA 94539, USA Tel: 510-803-SFBU (510-803-7328) Email: admissions@sfbu.edu   ADMISSIONS Undergraduate Graduate Scholarships SFBU Catalog ABOUT SFBU Overview Institutional Research Accreditation Careers PROGRAMS Computer Science Electrical Engineering Business Administration English as a Second Language MySFBU Applicant Student Faculty Alumni SFBU Webmail Log-In   Service Hours: Mon-Fri: 9:00a.m. - 5:30p.m. Closed:  Saturday and Sunday (Call or meet in-person at the times above. Also available via Zoom by appointment.)        Non-Discrimination Student Grievance Accessibility Academic Freedom Privacy © Copyright 2023 San Francisco Bay University - All Rights Reserved          "
2,missions assessment,"missions assessment.       Assessment Reporting | San Francisco Bay University            Skip to main content       Main navigation About Us Overview Accreditation Policies University Leadership  Admissions Requirements for Degree Programs Requirements for Intensive English Program Scholarships & Grants Tuition & Costs Articulation & Transfer Agreements Contact Admissions Team Admitted Students  Academics School of Business School of Engineering General Education English as a Second Language Professional Education SFBU Faculty Library Records Office Institutional Research Academic Calendar Schedule of Classes SFBU Catalog  Student Life Overview SFBU News Student Organizations SFBU Blog Counseling Services ACI Student Assistance  Career Services CPT, OPT, and On-Campus Jobs IT Services Student Health Insurance Housing Transportation Alumni Association  Contact Us   Main navigation-right Apply Today Request Info MySFBU Student Login Faculty Login Applicant Login Alumni Login Canvas LMS  Search      Search form Search Search      Assessment Reporting  Students are required to provide certain standardized assessment test scores when applying for admission. SFBU’s institutional codes for these tests are the following: Program Exam Institutional Code Bachelors/Masters TOEFL 9626 Bachelors SAT 4335 Bachelors ACT 1750 MBA GMAT/GRE 5485 MSCS/MSEE GRE 5485   Admissions Quick Links Undergraduate Admissions Graduate Admissions Application Deadlines Tuition & Costs Scholarships Articulation & Transfer Agreements Transfer Credit Policy Admitted Students Application Review Process Admissions FAQs Link Contact Admissions Team     161 Mission Falls Ln, Fremont, CA 94539, USA Tel: 510-803-SFBU (510-803-7328) Email: admissions@sfbu.edu   ADMISSIONS Undergraduate Graduate Scholarships SFBU Catalog ABOUT SFBU Overview Institutional Research Accreditation Careers PROGRAMS Computer Science Electrical Engineering Business Administration English as a Second Language MySFBU Applicant Student Faculty Alumni SFBU Webmail Log-In   Service Hours: Mon-Fri: 9:00a.m. - 5:30p.m. Closed:  Saturday and Sunday (Call or meet in-person at the times above. Also available via Zoom by appointment.)        Non-Discrimination Student Grievance Accessibility Academic Freedom Privacy © Copyright 2023 San Francisco Bay University - All Rights Reserved          "
3,missions review process,"missions review process.       Application Review Process            Skip to main content       Main navigation About Us Overview Accreditation Policies University Leadership  Admissions Requirements for Degree Programs Requirements for Intensive English Program Scholarships & Grants Tuition & Costs Articulation & Transfer Agreements Contact Admissions Team Admitted Students  Academics School of Business School of Engineering General Education English as a Second Language Professional Education SFBU Faculty Library Records Office Institutional Research Academic Calendar Schedule of Classes SFBU Catalog  Student Life Overview SFBU News Student Organizations SFBU Blog Counseling Services ACI Student Assistance  Career Services CPT, OPT, and On-Campus Jobs IT Services Student Health Insurance Housing Transportation Alumni Association  Contact Us   Main navigation-right Apply Today Request Info MySFBU Student Login Faculty Login Applicant Login Alumni Login Canvas LMS  Search      Search form Search Search      Application Review Process  Once the SFBU Admissions Office receives your complete online application and supporting documents, the application is forwarded for a formal review. Based on the current admissions and the intended program curriculum requirements, the committee reviews your application and takes the following steps: Examines if you meet the admissions criteria and/or if you need to submit additional documents Determines if you need an admission interview Follows SFBU’s credit transfer policy to determine transferable credits Generates an Admissions Evaluation Report/Study Plan If admitted, prepares an admissions acceptance package including: 	President’s Welcome Letter Dean’s Welcome Letter Admissions Checklist Enrollment Confirmation Letter SFBU Scholarship/Grant Award letter (if applicable) I-20 document for International Student (if applicable) Transfer Letter for International Transfer Student (if applicable)  Acceptance Package Acceptance package and study plan is available on the SFBU applicant portal under ""Quick Links""  Notice - Application processing times are typically four (4) weeks once an applicant file is complete. However, processing times may vary.   Admissions Quick Links Undergraduate Admissions Graduate Admissions Application Deadlines Tuition & Costs Scholarships Articulation & Transfer Agreements Transfer Credit Policy Admitted Students Application Review Process Admissions FAQs Link Contact Admissions Team     161 Mission Falls Ln, Fremont, CA 94539, USA Tel: 510-803-SFBU (510-803-7328) Email: admissions@sfbu.edu   ADMISSIONS Undergraduate Graduate Scholarships SFBU Catalog ABOUT SFBU Overview Institutional Research Accreditation Careers PROGRAMS Computer Science Electrical Engineering Business Administration English as a Second Language MySFBU Applicant Student Faculty Alumni SFBU Webmail Log-In   Service Hours: Mon-Fri: 9:00a.m. - 5:30p.m. Closed:  Saturday and Sunday (Call or meet in-person at the times above. Also available via Zoom by appointment.)        Non-Discrimination Student Grievance Accessibility Academic Freedom Privacy © Copyright 2023 San Francisco Bay University - All Rights Reserved          "
4,missions undergraduate,"missions undergraduate.      Undergraduate Admissions | San Francisco Bay University            Skip to main content       Main navigation About Us Overview Accreditation Policies University Leadership  Admissions Requirements for Degree Programs Requirements for Intensive English Program Scholarships & Grants Tuition & Costs Articulation & Transfer Agreements Contact Admissions Team Admitted Students  Academics School of Business School of Engineering General Education English as a Second Language Professional Education SFBU Faculty Library Records Office Institutional Research Academic Calendar Schedule of Classes SFBU Catalog  Student Life Overview SFBU News Student Organizations SFBU Blog Counseling Services ACI Student Assistance  Career Services CPT, OPT, and On-Campus Jobs IT Services Student Health Insurance Housing Transportation Alumni Association  Contact Us   Main navigation-right Apply Today Request Info MySFBU Student Login Faculty Login Applicant Login Alumni Login Canvas LMS  Search      Search form Search Search        Undergraduate Admissions   Applying for an undergraduate program is as simple as  One Review Requirements Please follow the checklist that best fits your situation.  Two Submit Application Create your online profile and complete online application.  Three Send Your Documents After completing the online application, send the required documents to the Admissions Office.  Application checklists Local Applicant International Applicant International Transfer-In Applicant Change Of Status (COS) Applicant  Welcome to SFBU Admissions Our primary aim is to help new students pursuing a bachelor’s degree through every step of their application process, including understanding the admissions requirements, and getting acquainted with SFBU.    START THE EDUCATIONAL JOURNEY OF A LIFETIME  Apply for Admission Plan a Visit Request Information     161 Mission Falls Ln, Fremont, CA 94539, USA Tel: 510-803-SFBU (510-803-7328) Email: admissions@sfbu.edu   ADMISSIONS Undergraduate Graduate Scholarships SFBU Catalog ABOUT SFBU Overview Institutional Research Accreditation Careers PROGRAMS Computer Science Electrical Engineering Business Administration English as a Second Language MySFBU Applicant Student Faculty Alumni SFBU Webmail Log-In   Service Hours: Mon-Fri: 9:00a.m. - 5:30p.m. Closed:  Saturday and Sunday (Call or meet in-person at the times above. Also available via Zoom by appointment.)        Non-Discrimination Student Grievance Accessibility Academic Freedom Privacy © Copyright 2023 San Francisco Bay University - All Rights Reserved          "
5,missions undergraduate transfer,"missions undergraduate transfer.       Undergraduate Program F-1 International Transfer-In Applicant Checklist | San Francisco Bay University            Skip to main content       Main navigation About Us Overview Accreditation Policies University Leadership  Admissions Requirements for Degree Programs Requirements for Intensive English Program Scholarships & Grants Tuition & Costs Articulation & Transfer Agreements Contact Admissions Team Admitted Students  Academics School of Business School of Engineering General Education English as a Second Language Professional Education SFBU Faculty Library Records Office Institutional Research Academic Calendar Schedule of Classes SFBU Catalog  Student Life Overview SFBU News Student Organizations SFBU Blog Counseling Services ACI Student Assistance  Career Services CPT, OPT, and On-Campus Jobs IT Services Student Health Insurance Housing Transportation Alumni Association  Contact Us   Main navigation-right Apply Today Request Info MySFBU Student Login Faculty Login Applicant Login Alumni Login Canvas LMS  Search      Search form Search Search      Undergraduate Program F-1 International Transfer-In Applicant Checklist  Who is an international transfer-in applicant? An international student who is currently enrolled in another U.S. high school, college or University.  What do you need to do in order to apply? Create your account on the MySFBU Applicant Portal. Complete the online application for your intended degree program. Scan and upload a PDF of your official documents based on the checklist provided below. 	Required Documentation: Official Transcripts - from all previously attended institutions. Electronic transcripts sent directly from the issuing institutions are accepted 		A high school/college CGPA of 2.5 or above is recommended. Lower CGPAs may require an interview with the Academic team. A GPA below 2.0 does not qualify for admission. OR GED: SFBU recognizes the General Educational Development (GED) tests and accepts the GED graduates. GED score of 456 or above meets minimum score requirement. Lower scores may require an interview with the Academic team. A freshman applicant is required to submit a high school diploma. Foreign Credential Evaluation Analysis Report: Foreign transcripts must be evaluated by a member of National Association of Credential Evaluation Services (NACES), Association of International Credential Evaluators (AICE), or American Association of Collegiate Registrars and Admissions Officers (AACRAO). A general analysis with GPA credential evaluation is required. An electronic copy sent directly from the credential evaluation agency is accepted. Evidence of English Proficiency for Non-Native English Speakers (any one of the following): An official IELTS (Academic) , TOEFL (iBT), TOEFL Essentials, iTEP Academic, PTE Academic or Cambridge B2 First test score report. Minimum Score: 			IELTS (Academic) 5.5 TOEFL (iBT) 59 TOEFL Essentials 6.5 band iTEP Academic 3.7 PTE Academic or PTE Academic Online 50 Cambridge B2 First 168 Successful completion of SFBU's Intensive English Program (IEP) Upper Intermediate Level B with a grade of B or better in all four courses. An English assessment report from a few U.S. English language institutions recognized by major universities in the U.S. A high school diploma earned or a for-credit English course passed at an institution located in the U.S., U.K., Ireland, Australia, New Zealand, or Canada A high school diploma earned at an institution in which the language of instruction is strictly English (as determined solely by SFBU) SAT/ACT scores - test score is optional. Applicants may submit SAT/ACT or other national level exam scores to strengthen their application. SFBU’s institution Code for reporting the SAT is 4335, ACT is 1750. Financial Support Document: provide a recent financial support document indicating a minimum amount of $40,000 available to pursue your studies in the first academic year at SFBU (any one of the following): 		A current bank letter and bank statement A loan letter from a lending institution Copies of fixed deposits An affidavit of support or sponsor letter is required if the funds are not in your name. Upload the financial support document and sponsor letter into a single PDF document. Your Passport Your Visa & Most Recent I-94 Current University’s I-20  Submitting Your Documents The following documentation should be sent to the Admissions Office immediately after submitting the online application. Official Transcripts: Electronic transcript from the issuing institution or Original hard document issued by the institution or a photocopy attested by the issuing institution (not a colored photocopy of your transcript). Any translated version must also be attested by the institution or the Ministry of Education. Credential Analysis Report if coordinated by you: Electronic version from the credential analysis agency or Original hard document issued by the credential analysis agency Financial Support Document: Original bank letter/statement (not a colored photocopy of the document). Mailing Address: San Francisco Bay University Admissions Office 161 Mission Falls Ln Fremont, CA 94539        Local Applicant Checklist International Applicant Checklist International Transfer-In Applicant Checklist Change of Status Applicant Checklist Academics Tuition & Costs Scholarships Articulation & Transfer Agreements Transfer Credit Policy Application Deadlines Assessment Reporting Application Review Process Sponsor/Transfer Forms Transfer in Form Guarantor/Sponsor Letter Graduate Admissions Admissions FAQs Link Contact Admissions Team Apply for Admission     161 Mission Falls Ln, Fremont, CA 94539, USA Tel: 510-803-SFBU (510-803-7328) Email: admissions@sfbu.edu   ADMISSIONS Undergraduate Graduate Scholarships SFBU Catalog ABOUT SFBU Overview Institutional Research Accreditation Careers PROGRAMS Computer Science Electrical Engineering Business Administration English as a Second Language MySFBU Applicant Student Faculty Alumni SFBU Webmail Log-In   Service Hours: Mon-Fri: 9:00a.m. - 5:30p.m. Closed:  Saturday and Sunday (Call or meet in-person at the times above. Also available via Zoom by appointment.)        Non-Discrimination Student Grievance Accessibility Academic Freedom Privacy © Copyright 2023 San Francisco Bay University - All Rights Reserved          "
6,ard members,"ard members.       Board Members | San Francisco Bay University            Skip to main content       Main navigation About Us Overview Accreditation Policies University Leadership  Admissions Requirements for Degree Programs Requirements for Intensive English Program Scholarships & Grants Tuition & Costs Articulation & Transfer Agreements Contact Admissions Team Admitted Students  Academics School of Business School of Engineering General Education English as a Second Language Professional Education SFBU Faculty Library Records Office Institutional Research Academic Calendar Schedule of Classes SFBU Catalog  Student Life Overview SFBU News Student Organizations SFBU Blog Counseling Services ACI Student Assistance  Career Services CPT, OPT, and On-Campus Jobs IT Services Student Health Insurance Housing Transportation Alumni Association  Contact Us   Main navigation-right Apply Today Request Info MySFBU Student Login Faculty Login Applicant Login Alumni Login Canvas LMS  Search      Search form Search Search     About SFBU Overview Our Mission Our Policies University Leadership Accreditation Board Members     Board Members  BOARD OF DIRECTORS Mr. Hanno Sander (Chairman)Founder One Robot Christchurch, New Zealand Dr. Kemal M. Atkins Higher Education Leader, Senior Consultant, Associate Professor, Executive Coach Association of Governing Boards of Universities and Colleges (AGB) Glen Allen, VA Mr. Roy BiggeRetired - Senior Director of Business Development & Services SOA Projects Cool, CA Ms. Ann Bishop Operations Director Vermont Public Utility Commission Montpelier, VT Mr. Jay Borges Business Development/Sales Consultant Livermore, CA Mr. Carlton Brown Ed.D. Senior Fellow, Governance and JDEI Consulting Lead Association of Governing Boards Universities and Colleges: Institutional Strategies Savannah, GA Ms. Elena Frost RN Stanford Health Care TriValley Pleasanton, CA Mr. Gunjan PatelSenior Manager of Cloud Architecture Palo Alto Networks Santa Clara, CA Ms. Janice Scott CPA Concord, CA Mr. Johnny YehPartner Emergent LLP San Francisco, CA         161 Mission Falls Ln, Fremont, CA 94539, USA Tel: 510-803-SFBU (510-803-7328) Email: admissions@sfbu.edu   ADMISSIONS Undergraduate Graduate Scholarships SFBU Catalog ABOUT SFBU Overview Institutional Research Accreditation Careers PROGRAMS Computer Science Electrical Engineering Business Administration English as a Second Language MySFBU Applicant Student Faculty Alumni SFBU Webmail Log-In   Service Hours: Mon-Fri: 9:00a.m. - 5:30p.m. Closed:  Saturday and Sunday (Call or meet in-person at the times above. Also available via Zoom by appointment.)        Non-Discrimination Student Grievance Accessibility Academic Freedom Privacy © Copyright 2023 San Francisco Bay University - All Rights Reserved          "
7,ssion,"ssion.       Mission, Values and Vision | San Francisco Bay University            Skip to main content       Main navigation About Us Overview Accreditation Policies University Leadership  Admissions Requirements for Degree Programs Requirements for Intensive English Program Scholarships & Grants Tuition & Costs Articulation & Transfer Agreements Contact Admissions Team Admitted Students  Academics School of Business School of Engineering General Education English as a Second Language Professional Education SFBU Faculty Library Records Office Institutional Research Academic Calendar Schedule of Classes SFBU Catalog  Student Life Overview SFBU News Student Organizations SFBU Blog Counseling Services ACI Student Assistance  Career Services CPT, OPT, and On-Campus Jobs IT Services Student Health Insurance Housing Transportation Alumni Association  Contact Us   Main navigation-right Apply Today Request Info MySFBU Student Login Faculty Login Applicant Login Alumni Login Canvas LMS  Search      Search form Search Search     About SFBU Overview Our Mission Our Policies University Leadership Accreditation Board Members     Mission, Values and Vision  MISSION: INCLUSIVE, INNOVATIVE, AND INSPIRATIONAL San Francisco Bay University provides diverse learners with inclusive, innovative, and inspirational education for lifelong personal and career success. CORE VALUES Care for the Whole Student Deliver Teaching Excellence Provide Access and Inclusion Offer Affordable Higher Education Opportunities Reflect the Vibrancy of the Silicon Valley VISION San Francisco Bay University will set the standard as a national and international model of engaged and transformative higher education in service of the common good. CORPORATE STATUS San Francisco Bay University is organized under California Corporate Law as a nonprofit, public-benefit corporation and is deemed tax-exempt, as applies to corporations falling within the IRS 501(c)(3) ruling. San Francisco Bay University ADMINISTERS ALL ITS PROGRAMS WITHOUT REGARD TO RACE, ETHNIC ORIGIN, AGE, OR SEX. SFBU CONFRONTS AND REJECTS ALL MANIFESTATIONS OF DISCRIMINATION IN ITS EDUCATIONAL POLICIES, ADMISSION POLICIES, SCHOLARSHIPS, OR OTHER SCHOOL ADMINISTERED PROGRAMS.           161 Mission Falls Ln, Fremont, CA 94539, USA Tel: 510-803-SFBU (510-803-7328) Email: admissions@sfbu.edu   ADMISSIONS Undergraduate Graduate Scholarships SFBU Catalog ABOUT SFBU Overview Institutional Research Accreditation Careers PROGRAMS Computer Science Electrical Engineering Business Administration English as a Second Language MySFBU Applicant Student Faculty Alumni SFBU Webmail Log-In   Service Hours: Mon-Fri: 9:00a.m. - 5:30p.m. Closed:  Saturday and Sunday (Call or meet in-person at the times above. Also available via Zoom by appointment.)        Non-Discrimination Student Grievance Accessibility Academic Freedom Privacy © Copyright 2023 San Francisco Bay University - All Rights Reserved          "
8,bu website privacy policy,"bu website privacy policy.       SFBU Website Privacy Policy | San Francisco Bay University            Skip to main content       Main navigation About Us Overview Accreditation Policies University Leadership  Admissions Requirements for Degree Programs Requirements for Intensive English Program Scholarships & Grants Tuition & Costs Articulation & Transfer Agreements Contact Admissions Team Admitted Students  Academics School of Business School of Engineering General Education English as a Second Language Professional Education SFBU Faculty Library Records Office Institutional Research Academic Calendar Schedule of Classes SFBU Catalog  Student Life Overview SFBU News Student Organizations SFBU Blog Counseling Services ACI Student Assistance  Career Services CPT, OPT, and On-Campus Jobs IT Services Student Health Insurance Housing Transportation Alumni Association  Contact Us   Main navigation-right Apply Today Request Info MySFBU Student Login Faculty Login Applicant Login Alumni Login Canvas LMS  Search      Search form Search Search      SFBU Website Privacy Policy  Last modified June 22, 2020 PRIVACY POLICY We respect your privacy and are committed to protecting it. This Privacy Policy describes the types of information we may collect from you when you visit our websites, access our services, participate in our programs, or otherwise interact with us. It also describes how we use and disclose the information we collect, how we protect information from unauthorized use or disclosure, and the choices you have regarding our collection and use of such information.   CONSENT TO PRIVACY POLICY By accessing our website to obtain information or services or by providing solicited or unsolicited personal information to us online, you are consenting to our use of such information, subject to applicable laws, and agreeing to the terms of this Privacy Policy.    COLLECTION AND USE OF INFORMATION We may collect and use your personal and other information for research, public service, or teaching programs, for administrative purposes, to administer services, for future communication, or to improve the user experience of or troubleshoot issues with our site. We define the term “personal information” to mean any information that we directly associate with, or use to identify, a specific person. This may include information such as your name, phone number, address, social security or tax identification number, email address, a user name or other online registration information, and a financial account or credit card number. Such personal information may be requested for research, public service, or teaching programs, or for administrative purposes. Some personal information, such as credit card account information, may be requested for purchases or enrollment. Examples of other information that we automatically collect include IP addresses and browser and computer types.  DISCLOSURE OF COLLECTED INFORMATION Generally, SFBU will not disclose, without your consent, personal information collected about you, except as otherwise described in this Privacy Policy.   We may enter into relationships with third parties that provide services (e.g., credit card processing, website enhancements, insurance, and transportation). In such circumstances, we disclose only the personal information that is necessary for such service providers to perform such services.   We may disclose your personal information to legal, government, regulatory, or accrediting authorities, in response to subpoenas, court orders, or when otherwise required by law; to establish, protect, or exercise our legal rights or defend against legal claims; if we determine disclosure is necessary to investigate, prevent, or take action against illegal, illicit, or dangerous activities; or if we reasonably determine such disclosure is necessary in an emergency.  COOKIES, WEB BEACONS AND SIMILAR TECHNOLOGIES This website uses “cookies” to track website visitors and contacts. Cookies are small text files stored on a visitor's computer.  These cookies are used to collect information about how a visitor interacts with our website and allow us to remember the person and identify them on future visits. Cookies do not store personal information unless you have voluntarily provided it. You may refuse the use of cookies by selecting the appropriate settings on your browser; please note, however, that if you do this you may not be able to use the full functionality of this website. By using this website, you consent to the processing of data about you in the manner and for the purposes set out herein.   This website uses Google Analytics, a web analytics service provided by Google, Inc. (“Google”). Google Analytics uses cookies to help our website analyze how users use the site. The information generated by the cookie about your use of the website (including your IP address) will be transmitted to and stored by Google on servers in the United States. Google will use this information for the purpose of evaluating your use of the website, compiling reports on website activity for website operators and providing other services relating to website activity and internet usage.   Click here for a link to the full Google cookies policy, including information on how to opt-out of or disable these cookies.   We also use HubSpot’s website analytics to evaluate visitor use of our website and improve the user experience. Every time a visitor lands on our website, HubSpot will check for an existing tracking cookie. If one does not exist, a cookie will be associated with that visitor and will log every page that person visits moving forward. Visitors will be tracked anonymously before they become contacts.   Click here for a link to the full HubSpot cookies policy, including information on how to opt-out of or disable these cookies. HOW WE RESPOND TO DO NOT TRACK SIGNALS Currently, our web servers do not recognize or respond to “Do Not Track” signals. Our website may continue to collect information in the manner described in this Privacy Policy.   CHILDREN'S PRIVACY SFBU's website is not intended for children under the age of 13 and there are no areas specifically set aside for children under age 13. Nonetheless, we recognize that SFBU's website may be of general interest to all audiences and we therefore encourage parents to assist their children if they intend to explore our website.   ACCESS TO AND RETENTION OF PERSONAL INFORMATION You may make changes to some of your personal information through an applicable user portal accessible through this website. We may keep a record of changes (including deletions) and disclose them for lawful purposes. We keep your personal information for as long as we think is necessary or advisable, and we reserve the right to retain it to the full extent not prohibited by law. If you are an applicant or student, you may also review your personal information that is readily accessible or request that it be updated by contacting Student Services.   SECURITY OF PERSONAL INFORMATION We use various physical, electronic, and procedural measures designed to protect your personal information from unauthorized access, disclosure, or misuse. However, because no data security systems are completely secure, we do not warrant that any personal information that you provide to us will be secure or safe from unauthorized access. If you provide any personal information to us, you do so at your own risk.    LINKS TO OTHER WEBSITES For your information and convenience, our website may contain links to websites operated by third parties. This Privacy Policy does not apply to, and we are not responsible for, the practices of third parties that collect your personal information. Each of these linked websites may maintain its own policies about the collection, use, and protection of your personal information. We encourage you to review the privacy policies of such third parties to learn about their information practices and security measures.   CHANGES TO THIS POLICY We may modify this Privacy Policy to reflect changes to our practices or for other operational, legal or regulatory reasons. Confirmation that such modifications have been implemented can be seen by noting the date this Privacy Policy was last modified. Any updated version of this Privacy Policy will be effective as of such date. We encourage you to visit our website periodically to view the latest version of this Privacy Policy.        161 Mission Falls Ln, Fremont, CA 94539, USA Tel: 510-803-SFBU (510-803-7328) Email: admissions@sfbu.edu   ADMISSIONS Undergraduate Graduate Scholarships SFBU Catalog ABOUT SFBU Overview Institutional Research Accreditation Careers PROGRAMS Computer Science Electrical Engineering Business Administration English as a Second Language MySFBU Applicant Student Faculty Alumni SFBU Webmail Log-In   Service Hours: Mon-Fri: 9:00a.m. - 5:30p.m. Closed:  Saturday and Sunday (Call or meet in-person at the times above. Also available via Zoom by appointment.)        Non-Discrimination Student Grievance Accessibility Academic Freedom Privacy © Copyright 2023 San Francisco Bay University - All Rights Reserved          "
